<?xml version="1.0" encoding="UTF-8"?>
<ivy-module version="2.0" xmlns:m="http://ant.apache.org/ivy/maven">
	<info organisation="org.mongodb.spark"
		module="mongo-spark-connector"
		revision="10.0.2"
		status="release"
		publication="20220525155447"
	>
		<license name="The Apache License, Version 2.0" url="http://www.apache.org/licenses/LICENSE-2.0.txt" />
		<description homepage="http://www.mongodb.org">
		The official MongoDB Apache Spark Connect Connector.
		</description>
	</info>
	<configurations>
		<conf name="default" visibility="public" description="runtime dependencies and master artifact can be used with this conf" extends="runtime,master"/>
		<conf name="master" visibility="public" description="contains only the artifact published by this module itself, with no transitive dependencies"/>
		<conf name="compile" visibility="public" description="this is the default scope, used if none is specified. Compile dependencies are available in all classpaths."/>
		<conf name="provided" visibility="public" description="this is much like compile, but indicates you expect the JDK or a container to provide it. It is only available on the compilation classpath, and is not transitive."/>
		<conf name="runtime" visibility="public" description="this scope indicates that the dependency is not required for compilation, but is for execution. It is in the runtime and test classpaths, but not the compile classpath." extends="compile"/>
		<conf name="test" visibility="public" description="this scope indicates that the dependency is not required for normal use of the application, and is only available for the test compilation and execution phases." extends="runtime"/>
		<conf name="system" visibility="public" description="this scope is similar to provided except that you have to provide the JAR which contains it explicitly. The artifact is always available and is not looked up in a repository."/>
		<conf name="sources" visibility="public" description="this configuration contains the source artifact of this module, if any."/>
		<conf name="javadoc" visibility="public" description="this configuration contains the javadoc artifact of this module, if any."/>
		<conf name="optional" visibility="public" description="contains all optional dependencies"/>
	</configurations>
	<publications>
		<artifact name="mongo-spark-connector" type="jar" ext="jar" conf="master"/>
	</publications>
	<dependencies>
		<dependency org="org.apache.spark" name="spark-core_2.12" rev="3.1.2" force="true" conf="runtime->compile(*),runtime(*),master(*)"/>
		<dependency org="org.apache.spark" name="spark-sql_2.12" rev="3.1.2" force="true" conf="runtime->compile(*),runtime(*),master(*)"/>
		<dependency org="org.apache.spark" name="spark-catalyst_2.12" rev="3.1.2" force="true" conf="runtime->compile(*),runtime(*),master(*)"/>
		<dependency org="org.apache.spark" name="spark-streaming_2.12" rev="3.1.2" force="true" conf="runtime->compile(*),runtime(*),master(*)"/>
		<dependency org="org.mongodb" name="mongodb-driver-sync" rev="[4.5.0,4.5.99)" force="true" conf="runtime->compile(*),runtime(*),master(*)"/>
	</dependencies>
</ivy-module>
